Species,best.guess
1,19.26667
2,20.00000
3,
4,
5,
6,20.00000
7,20.00000
8,19.26667
