Year,Bumblebees,SolitaryBees
2017,0,0
2018,0.16981,0.3676317
2019,0.31922,0.4539392
2020,-0.01481,0.1854042
